Feature,Feature2,Peak.Duration,Vehicle.Speed..mph.,Peak.Z.Accel,Peak.Lat.Accel,Peak.Long.Accel,Front.Slip,Right.Slip,Left.Slip,Direction,MLT1.Feature,MLT2.Feature,File,Date,,,,,,,,,,,,
B1,P1,0.544,11.9314824742537,1.32738591505582,1.17738025326875,0.491031881656659,0.438542969489468,0.111242310148588,0.346924180232007,Left3,Type1,N/A,Cal_EL1000Avg_1014,20180709,,,,,,,,,,,,
B1,P1,0.534,12.4533137640609,1.3351124622191,1.12898297797829,0.849534051622833,0.532727614775491,0.102540326168485,0.453976510069073,Left1,Type1,N/A,Cal_EL1000Avg_1014,20180709,,,,,,,,,,,,
B1,P1,0.47,14.4340750327923,1.38397943533011,1.43892216593828,1.20372016243052,0.706099182475107,0.121601952736804,0.625389587558414,Left1,Type1,N/A,Cal_EL1000Avg_1014,20180709,,,,,,,,,,,,
B1,P1,0.464,14.9709584339377,1.3170554950627,1.03127748652824,0.950893778131414,0.745867136873738,0.141057999565175,0.727535636150305,Left1,Type1,N/A,Cal_EL1000Avg_1519,20180709,,,,,,,,,,,,
B1,P1,0.416,16.1138834529175,1.32573896752569,1.19565679135723,1.14122291972122,0.562977236478959,0.121529507230011,0.392625798878185,Left3,Type1,N/A,Cal_EL1000Avg_1519,20180709,,,,,,,,,,,,
B1,P1,0.184,24.4775105424383,1.63938944982562,0.496308742252704,0.157951892105795,0.3131938625284,0.107120949697303,0.462527044585201,Left3,Hump,Crest,Cal_EL1000Avg_2024,20180709,,,,,,,,,,,,
B1,P1,0.16,33.0093784196154,1.57864924608967,0.33902396701959,0.738900067221359,0.721372871810079,0.0942607496910567,0.674071685327456,Left3,Type1,N/A,Cal_EL1000Avg_3034,20180709,,,,,,,,,,,,
B1,P1,0.132,33.6711621719802,1.80331670094277,0.301220777549196,1.02782065770056,0.746042521822202,0.170750507580821,0.774008118202498,Left1,Type1,N/A,Cal_EL1000Avg_3034,20180709,,,,,,,,,,,,
B1,P1,0.128,36.4344993740411,1.65989423143734,1.74014900740439,0.707796809389251,0.690230274761915,0.0711264821161042,0.779811670312251,Left3,Type1,N/A,Cal_EL1000Avg_3034,20180709,,,,,,,,,,,,
B1,P1,0.119,36.7359520079291,1.78581123051669,1.32251008577306,0.408011508328148,0.533144980251763,0.134302127499086,0.74402220688836,Left3,Type1,N/A,Cal_EL1000Avg_3539,20180709,,,,,,,,,,,,
B1,P1,0.125,35.3948731305408,1.72565765766487,0.329264825319529,1.04266498730406,0.66924374512272,0.10468888424923,0.696514424058842,Left3,Type1,N/A,Cal_EL1000Avg_3539,20180709,,,,,,,,,,,,
B1,P1,0.125,38.2040681935764,1.99092258996158,0.33178480402194,0.700615259279701,0.6665695944197,0.0984848736258165,0.776718267414006,Left3,Type1,N/A,Cal_EL1000Avg_3539,20180709,,,,,,,,,,,,
B1,P1,0.117,37.5328020641102,1.91762039321228,0.546070187163158,0.927735896300356,0.62818534793788,0.0725432717931175,0.661272284438279,Left3,Type1,N/A,Cal_EL1000Avg_3539,20180709,,,,,,,,,,,,
B1,P1,0.124,38.5516740570755,1.94623598679895,1.29824223093341,0.363721354150157,0.995434290566728,0.156196561360561,0.847103469093669,Left1,Type1,N/A,Cal_EL1000Avg_3539,20180709,,,,,,,,,,,,
B1,P1,0.127,39.0646441651119,2.02222948839467,1.46120362526897,0.568501088577618,0.77999327409623,0.0911176131350331,0.6852728216756,Left3,Type1,N/A,Cal_EL1000Avg_4044,20180709,,,,,,,,,,,,
B1,P1,0.104,40.2583466995591,2.14007650847305,1.65810859253404,0.445585806489084,0.669770660296833,0.0810350449951256,0.813637719003936,Left3,Type1,N/A,Cal_EL1000Avg_4044,20180709,,,,,,,,,,,,
B1,P1,0.207,45.4882526088986,2.40089983912582,1.62714279238659,2.35473156594405,0.749540367533146,0.155782129216629,1.34240412098245,Left1,Type1,N/A,Cal_EL1000Avg_4044,20180709,,,,,,,,,,,,
B1,P1,0.181,44.6373711618668,2.3664710372261,1.78320311264927,1.83910901063459,0.819757981434899,0.154023340046286,1.14202054050345,Left1,Type1,N/A,Cal_EL1000Avg_4044,20180709,,,,,,,,,,,,
B1,P1,0.214,42.9225774914814,2.21681112588938,2.01346756105264,3.3970304368623,0.916171092715379,0.180346283658558,1.08482638589162,Left1,Type1,N/A,Cal_EL1000Avg_4044,20180709,,,,,,,,,,,,
B1,P1,0.192,47.1959804276901,2.59602985708124,1.07656670948411,2.1817877824955,0.931959610832003,0.0966888932834166,1.8312272489251,Left1,Type1,N/A,Cal_EL1000Avg_4549,20180709,,,,,,,,,,,,
B1,P1,0.187,47.9111669488021,2.5198666387325,1.7719387011771,1.07687558484949,0.880631231579632,0.176653089054305,1.66255838545664,Left1,Type1,N/A,Cal_EL1000Avg_4549,20180709,,,,,,,,,,,,
B1,P1,0.205,46.3096879240101,2.60642334005836,1.56687134818163,1.65249821337478,0.880180187034792,0.112326733003307,1.52023644440045,Left1,Type1,N/A,Cal_EL1000Avg_4549,20180709,,,,,,,,,,,,
B1,P1,0.193,49.6867900914735,2.77789472158901,1.64281723711242,2.30053451557326,0.983065768793045,0.15395269908681,1.7007192957682,Left1,Type1,N/A,Cal_EL1000Avg_4549,20180709,,,,,,,,,,,,
B1,P1,0.196,51.2743762158811,2.62146273700104,0.624792910974035,1.53704929444818,0.976394693000055,0.188269881411247,2.00093224879419,Left1,Type1,N/A,Cal_EL1000Avg_4549,20180709,,,,,,,,,,,,
B1,P1,0.206,49.0906220973746,2.53389507882128,0.688542360513282,1.70328047797513,0.829959762482635,0.170973303109564,1.79139158955451,Left1,Type1,N/A,Cal_EL1000Avg_5054,20180709,,,,,,,,,,,,
B1,P1,0.183,53.0191076095378,2.65894560429775,0.491698808199109,1.59426206353082,1.06972902402416,0.10627355701074,2.15132233267171,Left1,Type1,N/A,Cal_EL1000Avg_5054,20180709,,,,,,,,,,,,
B1,P1,0.179,51.3582751612956,2.62208508939293,1.1969528809558,1.4309456491576,0.844871625599541,0.135771506947147,1.87804027373511,Left1,Type1,N/A,Cal_EL1000Avg_5054,20180709,,,,,,,,,,,,
B1,P1,0.183,51.9132007272135,2.61635637219159,1.1384752990002,1.58135478730538,0.848307310833175,0.138157685112952,1.94211281457253,Left1,Type1,N/A,Cal_EL1000Avg_5054,20180709,,,,,,,,,,,,
B1,P1,0.192,53.245558200968,2.6888531614597,1.74200826102383,2.27251717759309,0.926235092699526,0.171158754359317,2.30104644820082,Left1,Type1,N/A,Cal_EL1000Avg_5054,20180709,,,,,,,,,,,,
B1,P1,0.107,56.2307440071998,2.70373047088508,0.879049375277927,0.983433067420915,0.769343452674082,0.140454188768883,1.10811248426016,Left3,Type1,N/A,Cal_EL1000Avg_5560,20180709,,,,,,,,,,,,
B1,P1,0.107,59.7736571479687,2.89320656268267,0.220225557537278,0.216196778562197,0.840226405256473,0.118448867117976,0.865699487733565,Left3,Type1,N/A,Cal_EL1000Avg_5560,20180709,,,,,,,,,,,,
B1,P1,0.112,59.2726838833079,2.89578047775344,1.33194251009332,0.856456277015235,0.931431892299261,0.133431091870812,0.886019272301122,Left3,Type1,N/A,Cal_EL1000Avg_5560,20180709,,,,,,,,,,,,
B1,P1,0.114,61.7288470092365,3.03033307934606,0.630712500908631,1.1313147085153,1.01849844070521,0.115007850621815,1.38521879502019,Left1,Type1,N/A,Cal_EL1000Avg_5560,20180709,,,,,,,,,,,,
B2,P2,0.978,5.89172731122197,1.46651635595185,1.28916339541473,0.434274443743694,0.577919983906565,0.15865511377398,0.517099224209212,Left1,Type1,N/A,Cal_EL1000Avg_49,20180709,,,,,,,,,,,,
B2,P2,0.72,6.88754788479028,1.50164119097756,1.38911322995451,1.28381112180607,0.709964152591908,0.11108214746594,0.679835430212897,Left1,Type1,N/A,Cal_EL1000Avg_49,20180709,,,,,,,,,,,,
B2,P2,1.078,8.28212908803551,1.62625950502478,1.25845370768815,0.958491726329938,1.04390560121417,0.252523600560236,0.972940544452406,Left1,Type1,N/A,Cal_EL1000Avg_49,20180709,,,,,,,,,,,,
B2,P2,0.982,9.17650925695436,1.62599854180723,1.39888174865148,1.36994354476039,1.01405193391967,0.160816860843723,1.09454416430405,Left1,Type1,N/A,Cal_EL1000Avg_49,20180709,,,,,,,,,,,,
B2,P2,0.932,10.1309989129723,1.6686495848892,1.57116878587139,1.42907503495064,0.780797670715828,0.184327819509109,0.836129503509039,Left1,Type1,N/A,Cal_EL1000Avg_1014,20180709,,,,,,,,,,,,
B2,P2,0.896,10.4736317421156,1.75068601653169,1.49671398747931,1.53890786711881,0.994153519917523,0.164001544828427,0.995377733214363,Left1,Type1,N/A,Cal_EL1000Avg_1014,20180709,,,,,,,,,,,,
B2,P2,0.719,12.4327951816609,1.77877700811915,2.21275767668446,2.3687443600474,1.32955867335623,0.202043289544818,1.28321288268653,Left1,Type1,N/A,Cal_EL1000Avg_1014,20180709,,,,,,,,,,,,
B2,P2,0.674,13.2116007773114,1.83682358452408,2.29843646268027,2.59799738293333,1.42675323024683,0.233172502106116,1.34388613734474,Left1,Type2,N/A,Cal_EL1000Avg_1014,20180709,,,,,,,,,,,,
B2,P2,0.659,13.5515940814416,1.77929058393413,2.65915715811638,2.28162251248752,1.44514772230066,0.286997989191077,1.3610065657823,Left1,Type2,N/A,Cal_EL1000Avg_1014,20180709,,,,,,,,,,,,
B2,P2,0.569,15.1678832557796,1.7100552584869,2.79265862091995,2.12093328072181,1.37201080286275,0.338632678714839,1.40769152062029,Left1,Type1,N/A,Cal_EL1000Avg_1519,20180709,,,,,,,,,,,,
B2,P2,0.592,15.0557783435377,1.66108941821723,2.0186479225747,2.58713895459283,1.44985598140697,0.296113993683725,1.51084559307909,Left1,Type2,N/A,Cal_EL1000Avg_1519,20180709,,,,,,,,,,,,
B2,P2,0.433,17.4515918507038,1.76391979186509,1.28132819388529,1.25523419069918,1.08553253331501,0.155181686677242,1.02931785160391,Left1,Type1,N/A,Cal_EL1000Avg_1519,20180709,,,,,,,,,,,,
B2,P2,0.473,17.8461964223168,1.88164715440811,1.53149797177608,1.41435291230232,1.03245898282373,0.200915827860493,0.932280915391111,Left1,Type1,N/A,Cal_EL1000Avg_1519,20180709,,,,,,,,,,,,
B2,P2,0.502,19.2024093120037,1.91909568604614,0.94846704429151,1.59168171614545,0.746092783827876,0.223715059403202,0.862609371181925,Left1,Type1,N/A,Cal_EL1000Avg_1519,20180709,,,,,,,,,,,,
B2,P2,0.485,19.8372003716166,2.03218525900827,1.55611371336686,1.03983188482982,0.516628015769665,0.159468101473095,0.958469559204702,Left1,Type1,N/A,Cal_EL1000Avg_2024,20180709,,,,,,,,,,,,
B2,P2,0.427,21.5874451212316,2.07942059954691,1.09013500821666,1.30423075206971,0.623282447923721,0.221991034316695,0.803276626544178,Left1,Type1,N/A,Cal_EL1000Avg_2024,20180709,,,,,,,,,,,,
B2,P2,0.387,25.1984458178808,2.18689870456558,1.52797684334052,2.55633342134451,0.975555684729418,0.412685570222578,1.11312617366448,Left1,Type1,N/A,Cal_EL1000Avg_2024,20180709,,,,,,,,,,,,
B2,P2,0.407,21.8725534097538,1.94549199368709,1.25036342056701,1.602153432751,0.611127099894145,0.211712604722294,0.797857572789723,Left1,Type1,N/A,Cal_EL1000Avg_2024,20180709,,,,,,,,,,,,
B2,P2,0.389,23.815215558126,2.00062777699556,1.48430023637008,1.11443821133311,0.742299009533669,0.360328889825863,0.811555032739739,Left1,Type1,N/A,Cal_EL1000Avg_2024,20180709,,,,,,,,,,,,
B2,P2,0.398,24.540484245204,2.0763299489745,1.06541658735373,2.21772569116331,0.746818828553856,0.290866294689841,0.733683198967029,Left1,Type1,N/A,Cal_EL1000Avg_2024,20180709,,,,,,,,,,,,
B2,P2,0.407,26.8964105164931,2.19994292645602,2.08606289172154,1.59108232204152,0.80667548723658,0.210772962794853,0.99888787833465,Left1,Type1,N/A,Cal_EL1000Avg_2529,20180709,,,,,,,,,,,,
B2,P2,0.411,24.8632584955498,2.175071287917,1.70120230287739,2.13826176311756,0.737295591385451,0.366030871106483,0.787865648708657,Left1,Type1,N/A,Cal_EL1000Avg_2529,20180709,,,,,,,,,,,,
B2,P2,0.48,22.9072194390472,2.00514988996429,1.3039138299836,2.5507464101757,0.697900941102021,0.502599087526171,0.930306478549133,Left1,Type1,N/A,Cal_EL1000Avg_2529,20180709,,,,,,,,,,,,
B2,P2,0.397,27.721766945786,2.36989193151217,1.72997729532332,1.96229745141727,0.990114440473688,0.223715583869689,1.1820858880055,Left1,Type1,N/A,Cal_EL1000Avg_2529,20180709,,,,,,,,,,,,
B2,P2,0.4,28.5915386415004,2.4471726992902,1.16713394049408,2.00137102982828,0.870961175733235,0.196452037739847,1.47947102704466,Left1,Type1,N/A,Cal_EL1000Avg_2529,20180709,,,,,,,,,,,,
B2,P2,0.377,28.9912695580554,2.42067285679792,2.22323519631865,2.33898882939491,0.971147782243399,0.215417088651714,1.84228559087625,Left1,Type1,N/A,Cal_EL1000Avg_2529,20180709,,,,,,,,,,,,
B2,P2,0.32,31.3687979166455,2.85139455655523,2.39993771509401,2.96112950723125,1.31535734642432,0.199822142913198,2.91524138376349,Left1,Type1,N/A,Cal_EL1000Avg_3034,20180709,,,,,,,,,,,,
B2,P2,0.341,32.3940462811581,2.66907403142423,2.33028573784113,2.05107578683122,1.58557625387723,0.176536588176834,3.65016279367096,Left1,Type2,N/A,Cal_EL1000Avg_3034,20180709,,,,,,,,,,,,
B2,P2,0.353,31.8170598856939,2.84333907377713,2.50171451580158,2.27185545897169,1.26165382183792,0.222032779191269,3.28066268065517,Left1,Type1,N/A,Cal_EL1000Avg_3034,20180709,,,,,,,,,,,,
B2,P2,0.35,33.2932881777609,2.96989625386958,2.27261001675353,2.03844109103925,1.65058996344519,0.359178508103851,3.60328788412793,Left1,Type2,N/A,Cal_EL1000Avg_3034,20180709,,,,,,,,,,,,
B2,P2,0.315,35.9077836967815,3.2493977397884,2.71119065365039,3.23640048422771,2.11229907541723,0.29918961174031,4.81757410979112,Left1,Type2,N/A,Cal_EL1000Avg_3034,20180709,,,,,,,,,,,,
B2,P2,0.316,36.4531807100806,3.08349691472386,2.87673346106589,2.63007287206585,1.93450431877618,0.356016326312634,4.15288050785802,Left1,Type2,N/A,Cal_EL1000Avg_3539,20180709,,,,,,,,,,,,
B2,P2,0.319,35.2703739179025,2.99253358077367,2.86780927849592,2.62673888301155,1.84746421588683,0.512289401966398,4.46410879693032,Left1,Type2,N/A,Cal_EL1000Avg_3539,20180709,,,,,,,,,,,,
B2,P2,0.311,37.5351177986568,3.13682138868699,3.21341603165436,2.8515843351094,2.20466522565711,0.367979816156989,4.81515062773947,Left1,Type2,N/A,Cal_EL1000Avg_3539,20180709,,,,,,,,,,,,
B2,P2,0.311,37.4831665500274,3.10690382452893,2.85681596708802,3.06413074540359,1.8794204933032,0.422574105334512,4.10911299557493,Left1,Type2,N/A,Cal_EL1000Avg_3539,20180709,,,,,,,,,,,,
B2,P2,0.309,38.2920310257639,3.08294605816197,2.485968825618,3.47347695091441,2.22239269856816,0.515256938206282,4.54669148360578,Left1,Type2,N/A,Cal_EL1000Avg_3539,20180709,,,,,,,,,,,,
B2,P2,0.31,39.0572489721452,3.21699227144861,2.95034207642826,2.35047325193484,2.10112745946475,0.568100643106229,4.62135956441342,Left1,Type2,N/A,Cal_EL1000Avg_4044,20180709,,,,,,,,,,,,
B2,P2,0.302,40.6261689292744,3.14863424946402,2.06106109814308,2.08792068712151,1.79504770316607,0.264478059000597,4.10730194297257,Left1,Type2,N/A,Cal_EL1000Avg_4044,20180709,,,,,,,,,,,,
B2,P2,0.268,45.05698493509,3.61038295346094,3.34326764063457,3.49163230693822,2.31009321257125,0.284067236333107,3.14398726402567,Left1,Type2,N/A,Cal_EL1000Avg_4044,20180709,,,,,,,,,,,,
B2,P2,0.275,43.9566583429688,3.58867556317388,2.78207192922036,1.85272610106336,2.48077259668079,0.326184909552842,2.92972188540262,Left1,Type2,N/A,Cal_EL1000Avg_4044,20180709,,,,,,,,,,,,
B2,P2,0.275,42.8299956361386,3.29470396911872,2.90837088806995,2.79452703385755,1.97821482779451,0.321601394725143,3.77154728259839,Left1,Type2,N/A,Cal_EL1000Avg_4044,20180709,,,,,,,,,,,,
B2,P2,0.257,47.0498248015124,3.17571042823849,1.93317622618532,2.00935879092835,2.46870700742047,0.327145573943356,2.74758671244298,Left1,Type2,N/A,Cal_EL1000Avg_4549,20180709,,,,,,,,,,,,
B2,P2,0.244,47.3146153776835,3.09140617294875,2.16894774290957,2.3212799595628,2.197801422539,0.22584459508863,2.30402085391023,Left1,Type2,N/A,Cal_EL1000Avg_4549,20180709,,,,,,,,,,,,
B2,P2,0.251,46.2195336494565,3.35499781054417,2.66134429377914,3.27657290069861,1.97979009956908,0.19711439508865,2.49042108110355,Left1,Type2,N/A,Cal_EL1000Avg_4549,20180709,,,,,,,,,,,,
B2,P2,0.218,49.6873821396693,3.40857847893586,1.37968825443751,1.74226837187982,1.58521511458901,0.228613647589466,1.75092446110835,Left1,Type1,N/A,Cal_EL1000Avg_4549,20180709,,,,,,,,,,,,
B2,P2,0.215,51.3368233883102,3.45181718632084,1.77910480268719,2.05164054293761,1.38973127242846,0.353003243813086,1.52190805516104,Left1,Type1,N/A,Cal_EL1000Avg_4549,20180709,,,,,,,,,,,,
B2,P2,0.238,49.0967178668091,3.56949496150459,1.85841108378044,1.50956126710539,1.45367641944078,0.262734532619701,1.7287602361107,Left1,Type1,N/A,Cal_EL1000Avg_5054,20180709,,,,,,,,,,,,
B2,P2,0.197,53.0878704325331,3.22448015658295,1.23547946389247,1.92724769354292,1.07164346365817,0.421566744524568,1.42133316175329,Left1,Type1,N/A,Cal_EL1000Avg_5054,20180709,,,,,,,,,,,,
B2,P2,0.221,51.2522217391098,3.29705364256153,1.900143812319,1.37647303391342,1.4854115755438,0.142390570208882,1.80107376274535,Left1,Type1,N/A,Cal_EL1000Avg_5054,20180709,,,,,,,,,,,,
B2,P2,0.219,51.860385990162,3.10909122397147,1.65426244309532,2.53109903701942,1.30080280488213,0.108354261416915,1.68343014255991,Left1,Type1,N/A,Cal_EL1000Avg_5054,20180709,,,,,,,,,,,,
B2,P2,0.217,53.3659634919449,3.16826414162574,1.59967181856561,3.58524266738955,0.913176358217749,0.229355825375845,1.89598003866546,Left1,Type1,N/A,Cal_EL1000Avg_5054,20180709,,,,,,,,,,,,
B2,P2,0.177,54.5003344617244,3.03494080371282,1.50932934134605,1.54843825846338,1.28730719823373,0.191186706642905,1.49360387133963,Left1,Type1,N/A,Cal_EL1000Avg_5560,20180709,,,,,,,,,,,,
B2,P2,0.178,55.7985862224432,2.88490818897201,1.93934720877839,1.5334250630548,1.30509868825541,0.161182410944589,1.75931163246418,Left1,Type1,N/A,Cal_EL1000Avg_5560,20180709,,,,,,,,,,,,
B2,P2,0.155,56.6181943535466,2.75940490052117,2.06766671451578,1.32242193457415,1.04422690003924,0.165763423460473,1.53672256938546,Left1,Type1,N/A,Cal_EL1000Avg_5560,20180709,,,,,,,,,,,,
B2,P2,0.145,59.200518276917,2.85806482221799,1.62336322443475,1.83536329753602,1.09260542816955,0.292816096332591,2.00946685839984,Left1,Type1,N/A,Cal_EL1000Avg_5560,20180709,,,,,,,,,,,,
B2,P2,0.144,59.0386430125923,2.9106709943638,1.012589055263,1.76901232068153,0.914705671060309,0.164821250799948,1.1505443498689,Left3,Type1,N/A,Cal_EL1000Avg_5560,20180709,,,,,,,,,,,,
B2,P2,0.164,61.2804123638834,2.86063313820155,0.727031238852622,1.63374589830107,0.651509693311917,0.223613426187252,1.24599042146999,Left1,Type1,N/A,Cal_EL1000Avg_5560,20180709,,,,,,,,,,,,
B3,P3,1.153,4.4782629765958,1.76522985323034,1.42085708068768,0.615868759488888,0.593924294022694,0.0821236764903001,0.532997567033065,Left1,Type1,N/A,Cal_EL1000Avg_49,20180709,,,,,,,,,,,,
B3,P3,1.042,6.37916299455982,1.90348906707775,1.66149838474004,0.900957935496255,0.753918985586483,0.151884502291788,0.744223252756355,Left1,Type1,N/A,Cal_EL1000Avg_49,20180709,,,,,,,,,,,,
B3,P3,1.41,7.2002899738861,2.04119798467418,1.60791190117,0.823372574220737,1.00553613742937,0.204596507113521,0.964227730874701,Left1,Type1,N/A,Cal_EL1000Avg_49,20180709,,,,,,,,,,,,
B3,P3,1.382,7.61341676558771,2.04383959791179,1.95948767827698,1.80062173836064,1.07693993991221,0.241769957475353,1.07436187049099,Left1,Type1,N/A,Cal_EL1000Avg_49,20180709,,,,,,,,,,,,
B3,P3,1.27,9.09780295334353,2.16809911364576,1.94841945656194,1.47168681579336,1.19210394686615,0.192623659359533,1.23750074912509,Left1,Type1,N/A,Cal_EL1000Avg_49,20180709,,,,,,,,,,,,
B3,P3,1.177,9.91358166311883,2.09724882210062,2.26857189561433,1.33229643704934,1.01769009041691,0.145498292292513,0.983775455086303,Left1,Type1,N/A,Cal_EL1000Avg_1014,20180709,,,,,,,,,,,,
B3,P3,0.91,10.5673461298313,2.18974194309388,2.56682908665166,0.90455056663211,1.12706604841636,0.159345412231047,1.0784168034689,Left1,Type1,N/A,Cal_EL1000Avg_1014,20180709,,,,,,,,,,,,
B3,P3,0.895,11.2679799852153,2.23606328700286,2.44938927267046,1.73376250428853,1.38908960215417,0.299143188792114,1.30311010938565,Left1,Type1,N/A,Cal_EL1000Avg_1014,20180709,,,,,,,,,,,,
B3,P3,0.639,13.3189732495825,2.41882620471704,2.89582670863823,2.07924070780804,1.87818393609631,0.451335341042723,1.83178407455669,Left4,Type2,N/A,Cal_EL1000Avg_1014,20180709,,,,,,,,,,,,
B3,P3,0.595,13.550652580133,2.3788248680166,2.86494396580005,2.2481157974693,1.90422437869726,0.431700952627422,1.9367568714552,Left4,Type2,N/A,Cal_EL1000Avg_1014,20180709,,,,,,,,,,,,
B3,P3,0.487,14.8766543337471,2.4540917997098,3.2416131701372,2.98726795353299,2.09348157981772,0.354132676703122,2.08282913628571,Left1,Type2,N/A,Cal_EL1000Avg_1519,20180709,,,,,,,,,,,,
B3,P3,0.552,16.2188577433211,2.05195166031912,2.93530882323944,2.35638581094464,1.64827936317651,0.382841322672384,1.62674146477617,Left1,Type2,N/A,Cal_EL1000Avg_1519,20180709,,,,,,,,,,,,
B3,P3,0.546,17.175859060617,2.19456159915734,2.02067517518459,1.93797020417133,1.2632405275164,0.175527714286363,1.26537589193886,Left1,Type1,N/A,Cal_EL1000Avg_1519,20180709,,,,,,,,,,,,
B3,P3,0.538,17.8763134223569,2.26521951394411,2.00794007957656,1.53844531541758,1.03781749191009,0.250184814451968,0.924560629519018,Left1,Type1,N/A,Cal_EL1000Avg_1519,20180709,,,,,,,,,,,,
B3,P3,0.554,18.7708471851461,2.300202459036,1.47123097134385,1.2959934247156,0.734660221419904,0.217345527847505,1.24157523007106,Left1,Type1,N/A,Cal_EL1000Avg_1519,20180709,,,,,,,,,,,,
B3,P3,0.526,19.781777185165,2.32092175653303,1.46060130751861,0.784527371411833,0.87525603183491,0.19049429501644,0.849675079327817,Left1,Type1,N/A,Cal_EL1000Avg_2024,20180709,,,,,,,,,,,,
B3,P3,0.503,21.5726208092551,2.53778228825325,2.10047979305387,2.09735838656544,0.812410971360642,0.31970938908153,1.07384160016079,Left1,Type1,N/A,Cal_EL1000Avg_2024,20180709,,,,,,,,,,,,
B3,P3,0.497,25.0847809928659,2.83239241459431,2.34345520717243,2.52449122145236,1.05478277445409,0.436123550909646,1.63803697886475,Left1,Type1,N/A,Cal_EL1000Avg_2024,20180709,,,,,,,,,,,,
B3,P3,0.494,21.725226871214,2.56957883000994,2.43774592550795,1.62547291492804,1.04751894854898,0.435835401478562,1.30460366470614,Left1,Type1,N/A,Cal_EL1000Avg_2024,20180709,,,,,,,,,,,,
B3,P3,0.464,23.1361115262794,2.64086552600103,2.4414267069846,2.26346412259502,0.992594787354131,0.494683945406669,1.77702428840615,Left1,Type1,N/A,Cal_EL1000Avg_2024,20180709,,,,,,,,,,,,
B3,P3,0.472,23.2261512381876,2.68450415558498,2.13444509725197,1.48537685665265,1.06325222012957,0.295123363592497,1.35633273177565,Left1,Type1,N/A,Cal_EL1000Avg_2024,20180709,,,,,,,,,,,,
B3,P3,0.422,26.0014775213451,2.74619449557547,2.66669436098068,3.77131847925351,1.53108355263474,0.452616228061807,2.1712618059181,Left1,Type2,N/A,Cal_EL1000Avg_2529,20180709,,,,,,,,,,,,
B3,P3,0.433,25.0999230617308,2.67575538084606,2.17657099860585,2.77014915718741,1.17265513336288,0.562342888153981,1.94519549141657,Left1,Type1,N/A,Cal_EL1000Avg_2529,20180709,,,,,,,,,,,,
B3,P3,0.489,25.5608821501195,2.81920182415644,2.48067290976946,2.33600295145339,0.853273653799612,0.276249878483629,2.36312800550526,Left1,Type1,N/A,Cal_EL1000Avg_2529,20180709,,,,,,,,,,,,
B3,P3,0.412,27.3550536857157,3.06165068875238,2.57098010357471,3.46506317635464,1.58183655035642,0.456401444666708,2.37915817870778,Left1,Type2,N/A,Cal_EL1000Avg_2529,20180709,,,,,,,,,,,,
B3,P3,0.37,28.003013964143,3.25321207866837,4.05426592517977,2.75269473087521,1.73557225811061,0.395830611956275,2.27926056486321,Left1,Type2,N/A,Cal_EL1000Avg_2529,20180709,,,,,,,,,,,,
B3,P3,0.371,28.8291871695312,3.65849201798198,3.43339800148281,3.49063969178,1.57912116592843,0.341158249914375,2.42581001599444,Left1,Type2,N/A,Cal_EL1000Avg_2529,20180709,,,,,,,,,,,,
B3,P3,0.32,30.9750161610915,3.67251287343915,4.11538052232654,3.62299778295736,2.18164303244011,0.198932533299226,2.8973477134252,Left1,Type2,N/A,Cal_EL1000Avg_3034,20180709,,,,,,,,,,,,
B3,P3,0.375,31.9473859025161,4.09861762338936,2.87739614522161,3.20765278017975,2.14048106301074,0.248597063949241,3.52605116195426,Left1,Type2,N/A,Cal_EL1000Avg_3034,20180709,,,,,,,,,,,,
B3,P3,0.508,31.7937822274,3.97418235413214,3.98721634489126,2.62563391439516,1.76033054236989,0.377692218326574,3.648488280444,Left1,Type2,N/A,Cal_EL1000Avg_3034,20180709,,,,,,,,,,,,
B3,P3,0.498,32.5060090133761,4.31562926486473,2.32806774307229,3.50547507638009,2.13522987847074,0.316387066570293,3.53785234058405,Left1,Type2,N/A,Cal_EL1000Avg_3034,20180709,,,,,,,,,,,,
B3,P3,0.479,35.3301522143987,5.11821774818846,1.94428773078306,2.49533383192031,2.37647904784807,0.409635403483422,4.93324449252916,Left1,Type2,N/A,Cal_EL1000Avg_3034,20180709,,,,,,,,,,,,
B3,P3,0.473,36.1422526621406,4.75649401510975,2.1695015413021,2.97076698124425,2.49282214283804,0.338308581269663,4.64526054170967,Left1,Type2,N/A,Cal_EL1000Avg_3539,20180709,,,,,,,,,,,,
B3,P3,0.482,35.2313680068711,4.6691415045329,4.88605589499096,3.64608823724078,2.3023242422836,0.336081725091528,4.84282368045441,Left1,Type2,N/A,Cal_EL1000Avg_3539,20180709,,,,,,,,,,,,
B3,P3,0.464,36.9609944676794,4.91797657979886,2.92165366241424,2.8478934253977,2.56057226295643,0.403573798353803,4.54434705460326,Left1,Type2,N/A,Cal_EL1000Avg_3539,20180709,,,,,,,,,,,,
B3,P3,0.344,37.4802306748786,4.85635359424151,1.24947581692659,3.23778911694382,2.36035430010554,0.435458572184985,4.75188746752177,Left1,Type2,N/A,Cal_EL1000Avg_3539,20180709,,,,,,,,,,,,
B3,P3,0.333,38.2894684712223,5.14950970511936,3.17367198146294,3.01766625754559,2.40890581779581,0.384985642281554,4.91438546866848,Left1,Type2,N/A,Cal_EL1000Avg_3539,20180709,,,,,,,,,,,,
B3,P3,0.329,39.116998347008,4.41266302685706,2.21648173971036,3.52370061798668,2.25652802125494,0.556131943570315,4.80575316074584,Left1,Type2,N/A,Cal_EL1000Avg_4044,20180709,,,,,,,,,,,,
B3,P3,0.321,40.4343526403521,4.7917815582798,3.00944732986747,2.64443716683413,2.53938673693276,0.539409559173583,4.77244704397209,Left1,Type2,N/A,Cal_EL1000Avg_4044,20180709,,,,,,,,,,,,
B3,P3,0.279,44.8842487389063,4.20747027740053,1.99332263779101,2.08036820735732,2.03430596422807,0.363631241996577,2.63272928949695,Left1,Type2,N/A,Cal_EL1000Avg_4044,20180709,,,,,,,,,,,,
B3,P3,0.306,42.8895306522629,4.60572231597931,2.77211950605036,3.3024058507196,2.18090917810554,0.451157291307962,3.76368161251584,Left1,Type2,N/A,Cal_EL1000Avg_4044,20180709,,,,,,,,,,,,
B3,P3,0.257,46.2851823046457,4.12404526740217,1.66167298039494,3.09022558015317,2.64025141462083,0.409850815337074,2.86113480368328,Left1,Type2,N/A,Cal_EL1000Avg_4549,20180709,,,,,,,,,,,,
B3,P3,0.27,47.1762534943072,4.39910018845113,2.49408846156202,3.75864180467543,1.66086199617723,0.3330337216742,2.16777802315147,Left1,Type2,N/A,Cal_EL1000Avg_4549,20180709,,,,,,,,,,,,
B3,P3,0.272,46.2725968629097,4.33701128462983,1.51673371205981,2.23453614190069,1.79657026995656,0.379762818797606,2.13789141959025,Left1,Type2,N/A,Cal_EL1000Avg_4549,20180709,,,,,,,,,,,,
B3,P3,0.354,48.8744216589936,3.96666856249504,3.77762446946619,3.58506033685306,2.23324576555428,0.655959851169602,2.71710107278403,Left1,Type2,N/A,Cal_EL1000Avg_4549,20180709,,,,,,,,,,,,
B3,P3,0.244,50.9872696034437,3.71484823673798,1.95103916916435,2.03359510083293,1.90768758184778,0.417189768919015,2.47945701904669,Left1,Type2,N/A,Cal_EL1000Avg_4549,20180709,,,,,,,,,,,,
B3,P3,0.259,49.197403874832,4.37587733975002,2.8428203492801,0.816610419756306,1.50787130945052,0.456567142707799,2.05821315607804,Left1,Type2,N/A,Cal_EL1000Avg_5054,20180709,,,,,,,,,,,,
B3,P3,0.255,52.8666977630208,3.99993565088612,2.11197064775113,5.32050006916085,1.98868541005154,0.327576809851944,2.61238637716772,Left1,Type2,N/A,Cal_EL1000Avg_5054,20180709,,,,,,,,,,,,
B3,P3,0.227,51.1673474788876,4.24607602028525,2.55401328304404,4.55868509022635,1.59846510445175,0.260018286805895,2.13683204295524,Left1,Type2,N/A,Cal_EL1000Avg_5054,20180709,,,,,,,,,,,,
B3,P3,0.217,53.16020671283,4.38694195982204,2.01513444614947,4.72351262352222,1.2261433921789,0.108090307869345,2.21154818715631,Left1,Type2,N/A,Cal_EL1000Avg_5054,20180709,,,,,,,,,,,,
B3,P3,0.212,54.3578341023862,4.28948461904027,1.51408387529903,3.77890522592429,1.07633344846469,0.446937717675657,1.62783018871538,Left1,Type1,N/A,Cal_EL1000Avg_5560,20180709,,,,,,,,,,,,
B3,P3,0.18,56.4056114698782,4.05940979530188,1.60240194891027,0.952251641247156,1.67066834073955,0.146851024630033,1.64576355961234,Left1,Type2,N/A,Cal_EL1000Avg_5560,20180709,,,,,,,,,,,,
B3,P3,0.144,58.726359841904,4.02539304285168,1.36922582444415,1.85387661456743,1.24235138486277,0.15712006695315,1.58731801040223,Left1,Type1,N/A,Cal_EL1000Avg_5560,20180709,,,,,,,,,,,,
B3,P3,0.173,58.8132542460644,4.04679534770793,2.37651018378897,2.5068111910604,1.71693844066105,0.122796688590428,1.65825635335434,Left1,Type2,N/A,Cal_EL1000Avg_5560,20180709,,,,,,,,,,,,
B3,P3,0.17,60.94897537132,3.87530855244374,1.48293566314045,0.426750009410574,1.54718839303627,0.267058635863724,1.88162171506593,Left1,Type1,N/A,Cal_EL1000Avg_5560,20180709,,,,,,,,,,,,
B4,P4,1.226,4.70464144869383,2.05145072585657,1.61373061356992,0.813944048129297,0.73387531065695,0.0882452674237757,0.594558869355672,Left1,Type1,N/A,Cal_EL1000Avg_49,20180709,,,,,,,,,,,,
B4,P4,1.153,5.69529116071323,2.17785174733708,1.94043108379627,0.891121518512884,0.7853339341723,0.138881244946727,0.683963451222472,Left1,Type1,N/A,Cal_EL1000Avg_49,20180709,,,,,,,,,,,,
B4,P4,1.404,7.45244963973529,2.33046338508559,2.18832018081199,1.38001298973096,1.30487784869422,0.267133437358982,1.31148120908443,Left1,Type1,N/A,Cal_EL1000Avg_49,20180709,,,,,,,,,,,,
B4,P4,1.358,8.35788467811401,2.40057599231456,2.36084734252333,1.07173635542747,1.47791939754959,0.259414927615486,1.40531230515995,Left1,Type1,N/A,Cal_EL1000Avg_49,20180709,,,,,,,,,,,,
B4,P4,1.304,8.98597236517787,2.43030816633966,2.62316377589229,1.60435271055278,1.33170958128359,0.242229687979559,1.40946494661568,Left1,Type2,N/A,Cal_EL1000Avg_49,20180709,,,,,,,,,,,,
B4,P4,1.249,10.0103822683808,2.39381301200538,2.38175280371896,1.91349442253725,1.50378753929604,0.252497570572631,1.4370364549175,Left1,Type2,N/A,Cal_EL1000Avg_1014,20180709,,,,,,,,,,,,
B4,P4,1.187,10.5387026685031,2.4977454488293,2.61707725201274,1.68048591361759,1.44847187566819,0.298421548797077,1.3090836577862,Left1,Type1,N/A,Cal_EL1000Avg_1014,20180709,,,,,,,,,,,,
B4,P4,0.883,12.3200718826827,2.94073662659554,3.60719686432649,2.74590243288884,2.3876365726068,0.481093228585117,2.15293702867165,Left4,Type2,N/A,Cal_EL1000Avg_1014,20180709,,,,,,,,,,,,
B4,P4,0.792,13.2676661538432,3.05930894386632,3.77462554193389,3.50822911820545,2.31602962284512,0.517537857026756,2.2138141296731,Left4,Type2,N/A,Cal_EL1000Avg_1014,20180709,,,,,,,,,,,,
B4,P4,0.769,13.4481513197917,3.12923452849088,3.77412023013895,2.45989268605244,2.32279589322115,0.456934356766893,2.28391241709672,Left4,Type2,N/A,Cal_EL1000Avg_1014,20180709,,,,,,,,,,,,
B4,P4,0.561,14.5840064752409,3.07782029859069,3.27236293958962,3.47336131588006,2.38593251369209,0.325025707412761,2.34162806369912,Left1,Type2,N/A,Cal_EL1000Avg_1519,20180709,,,,,,,,,,,,
B4,P4,0.578,16.2877342302072,2.43964809423566,3.2637492960568,2.17994649348155,1.73899684212976,0.339441101293961,1.78947897608236,Left1,Type2,N/A,Cal_EL1000Avg_1519,20180709,,,,,,,,,,,,
B4,P4,0.544,17.3246746175414,2.29252227627722,2.86582078484943,1.90309939425204,1.52480721310273,0.228675442743196,1.51883127971351,Left1,Type2,N/A,Cal_EL1000Avg_1519,20180709,,,,,,,,,,,,
B4,P4,0.574,17.8007062825654,2.39250111128266,2.82094141162995,1.99743870089073,1.39049568480617,0.248181911311912,1.36660604096725,Left1,Type2,N/A,Cal_EL1000Avg_1519,20180709,,,,,,,,,,,,
B4,P4,0.554,18.5973768066153,2.43530938804751,3.12176444587959,1.32886166891044,1.41664049262024,0.204057029341297,1.31178344344046,Left1,Type2,N/A,Cal_EL1000Avg_1519,20180709,,,,,,,,,,,,
B4,P4,0.548,19.4788143739822,2.50036255644452,2.80802158620182,2.06171327230728,1.31281720565659,0.270929400423615,1.29484134941461,Left1,Type2,N/A,Cal_EL1000Avg_2024,20180709,,,,,,,,,,,,
B4,P4,0.497,21.1112136411638,2.54948294857775,3.2317515653336,3.81089611911652,1.23216315125798,0.276785001008228,1.2352464419499,Left1,Type1,N/A,Cal_EL1000Avg_2024,20180709,,,,,,,,,,,,
B4,P4,0.423,24.7030551778921,2.88756528506961,3.79028064599988,4.37836708894795,1.55264759272847,0.648163008583669,3.02773549717079,Left4,Type2,N/A,Cal_EL1000Avg_2024,20180709,,,,,,,,,,,,
B4,P4,0.489,21.737216209295,2.63026703347637,3.37874381965986,3.60141442564341,1.29791519994328,0.359627531096534,1.39722812863737,Left1,Type2,N/A,Cal_EL1000Avg_2024,20180709,,,,,,,,,,,,
B4,P4,0.473,22.6822851584165,2.68270052094254,2.98555242267109,2.65217392041385,1.3790419498222,0.361172859502353,2.1050882764895,Left1,Type2,N/A,Cal_EL1000Avg_2024,20180709,,,,,,,,,,,,
B4,P4,0.444,23.9634369054142,2.79373485062138,2.54967909539698,2.67126936251041,1.29114126066363,0.45342580861758,2.30391824836034,Left1,Type1,N/A,Cal_EL1000Avg_2024,20180709,,,,,,,,,,,,
B4,P4,0.43,25.1704624942765,3.12292059747902,3.55953129796745,1.97961672374109,1.50162544999414,0.389198688241854,2.46383213168923,Left1,Type2,N/A,Cal_EL1000Avg_2529,20180709,,,,,,,,,,,,
B4,P4,0.432,24.7774065158882,2.94556804402517,3.28175564139539,3.38333094757278,1.69842315204353,0.462463647766377,2.87518336409897,Left1,Type2,N/A,Cal_EL1000Avg_2529,20180709,,,,,,,,,,,,
B4,P4,0.444,25.4785754254186,3.17098757110912,3.91227794790762,4.06694083279425,1.74192047230875,0.550577885844107,2.71951063983451,Left1,Type2,N/A,Cal_EL1000Avg_2529,20180709,,,,,,,,,,,,
B4,P4,0.539,26.706059969338,3.87390091974326,4.61997084492475,3.95402391504523,1.69654868257602,0.391988738821051,2.82866693411287,Left1,Type2,N/A,Cal_EL1000Avg_2529,20180709,,,,,,,,,,,,
B4,P4,0.527,27.3446018260748,3.75395704480238,3.86382392606102,4.10997319357958,1.98852527834126,0.609424321912998,3.3310067213645,Left1,Type2,N/A,Cal_EL1000Avg_2529,20180709,,,,,,,,,,,,
B4,P4,0.381,28.7974798746711,4.04019503149706,4.05010930792276,4.26147772768654,2.07091196829431,0.348998023140532,3.11941951509247,Left1,Type2,N/A,Cal_EL1000Avg_2529,20180709,,,,,,,,,,,,
B4,P4,0.468,29.6668820184964,4.65662318566513,4.78389445701289,4.18310316531626,2.33419842408561,0.412656005236698,2.82433828394209,Left1,Type2,N/A,Cal_EL1000Avg_3034,20180709,,,,,,,,,,,,
B4,P4,0.39,31.623062225383,5.21423544062526,3.63807427555511,4.70439137105431,2.18097406982834,0.424002583260595,3.6520010152109,Left1,Type2,N/A,Cal_EL1000Avg_3034,20180709,,,,,,,,,,,,
B4,P4,0.393,31.6606570057973,5.16025156617792,3.56461435258125,3.93151832072944,1.93816646722512,0.482644653101214,3.16206782551615,Left1,Type2,N/A,Cal_EL1000Avg_3034,20180709,,,,,,,,,,,,
B4,P4,0.392,31.6828412198009,5.14962353633126,3.96056395356403,4.11276814508513,2.29164711309442,0.412212486433201,3.07221285203341,Left1,Type2,N/A,Cal_EL1000Avg_3034,20180709,,,,,,,,,,,,
B4,P4,0.486,34.90712250243,5.54231781070872,3.15712832984245,4.88899240667869,2.21525104793486,0.444567612059138,4.57110062778279,Left1,Type2,N/A,Cal_EL1000Avg_3034,20180709,,,,,,,,,,,,
B4,P5,1.215,3.63649810502068,1.87853518384038,1.41192977953332,0.880152350058926,0.680141625317891,0.126289989707056,0.589653347158592,Left1,Type1,N/A,Cal_EL1000Avg_49,20180709,,,,,,,,,,,,
B4,P5,1.497,4.86073922416282,2.50655158023614,2.1625566094756,1.43562027715775,0.904116574425357,0.135244850062327,0.812752706496573,Left1,Type1,N/A,Cal_EL1000Avg_49,20180709,,,,,,,,,,,,
B4,P5,1.482,6.85797338918376,2.91266537887459,2.31983605717085,0.84085543655117,1.33597619179718,0.217412038001044,1.33627672044981,Left1,Type1,N/A,Cal_EL1000Avg_49,20180709,,,,,,,,,,,,
B4,P5,1.132,6.21172729493069,2.69557853283515,2.30665909310461,1.48760979677648,0.991163833991261,0.155242928094793,0.876877738354484,Left1,Type1,N/A,Cal_EL1000Avg_49,20180709,,,,,,,,,,,,
B4,P5,1.658,7.81305079678831,3.1346506248373,2.46823221715138,1.46185358639163,1.54415956789156,0.280351338580694,1.44448684465569,Left1,Type1,N/A,Cal_EL1000Avg_49,20180709,,,,,,,,,,,,
B4,P5,1.55,8.77668549687355,3.12326226015324,2.94203426511325,1.84641048482931,1.82958075476404,0.253685009669429,1.81957431577513,Left1,Type2,N/A,Cal_EL1000Avg_49,20180709,,,,,,,,,,,,
B4,P5,1.255,9.96696344305556,3.15941260063287,3.16883873632004,2.26138371252792,2.00945135514301,0.385790913331386,1.85162771243428,Left4,Type2,N/A,Cal_EL1000Avg_1014,20180709,,,,,,,,,,,,
B4,P5,1.075,11.1060878779172,3.68552493791073,3.41247744245082,3.04180783453991,2.6462807890256,0.512293613189314,2.44308984497096,Left4,Type2,N/A,Cal_EL1000Avg_1014,20180709,,,,,,,,,,,,
B4,P5,0.86,12.2065029684626,3.95212388038589,4.3677653129475,4.02101021966205,2.65308683713521,0.532336771864861,2.48427767368451,Left4,Type2,N/A,Cal_EL1000Avg_1014,20180709,,,,,,,,,,,,
B4,P5,0.829,13.1717837477913,4.24856777671739,4.18822553455808,3.84512166025321,3.00029561089691,0.579410516661178,2.8228344650141,Left4,Type2,N/A,Cal_EL1000Avg_1014,20180709,,,,,,,,,,,,
B4,P5,0.646,14.0201522175423,3.74807717793244,5.02935888197957,3.10389343878764,2.64382596702983,0.561455645836695,2.36677224949482,Left4,Type2,N/A,Cal_EL1000Avg_1014,20180709,,,,,,,,,,,,
B4,P5,0.61,15.0429995535691,3.64129898658841,5.59997462063034,3.64940886294892,2.58449454225909,0.519802433772451,2.56931860982192,Left4,Type2,N/A,Cal_EL1000Avg_1519,20180709,,,,,,,,,,,,
B4,P5,0.568,15.5967741993764,3.40542106958237,4.13122404162354,3.57484139545796,2.66051970732251,0.526694002107704,2.66452183024195,Left4,Type2,N/A,Cal_EL1000Avg_1519,20180709,,,,,,,,,,,,
B4,P5,0.558,17.3408224152143,2.53544768202735,3.35959609250934,2.99485690054589,2.08001787284319,0.475716822721144,2.14543446930598,Left1,Type2,N/A,Cal_EL1000Avg_1519,20180709,,,,,,,,,,,,
B4,P5,0.536,17.6191659101517,2.5229186162161,3.92705800410698,2.33125079779359,2.13458637910643,0.408687705332832,2.30335564230859,Left1,Type2,N/A,Cal_EL1000Avg_1519,20180709,,,,,,,,,,,,
B4,P5,0.527,18.3107452382246,2.55758416222009,3.24556893162335,2.83209899376009,2.16888037484862,0.396636352971872,2.12933591429305,Left1,Type2,N/A,Cal_EL1000Avg_1519,20180709,,,,,,,,,,,,
B4,P5,0.542,19.8073919037577,3.03523307308482,3.86337071937359,3.16597584847957,2.10666959316935,0.453422179060826,2.11919232492066,Left1,Type2,N/A,Cal_EL1000Avg_2024,20180709,,,,,,,,,,,,
B4,P5,0.477,20.7404422866619,2.66110356086175,3.48031276864185,3.45710390599934,2.28317303622404,0.475165186647821,2.38848718960149,Left1,Type2,N/A,Cal_EL1000Avg_2024,20180709,,,,,,,,,,,,
B4,P5,0.566,23.6919554089819,3.53713628960524,3.13211267344837,3.49208020003604,2.45657902858466,0.552421411391186,2.56236839313143,Left1,Type2,N/A,Cal_EL1000Avg_2024,20180709,,,,,,,,,,,,
B4,P5,0.459,21.7782636716102,2.87690739366295,4.72636342122046,3.23209535200867,1.89809302715677,0.443220400752156,2.24123897781451,Left1,Type2,N/A,Cal_EL1000Avg_2024,20180709,,,,,,,,,,,,
B4,P5,0.451,22.637726314487,2.99659916090645,4.44332537694964,3.82507315824257,1.98169813996638,0.507194837872186,2.17207112917333,Left1,Type2,N/A,Cal_EL1000Avg_2024,20180709,,,,,,,,,,,,
B4,P5,0.431,24.0155184143939,3.72846930889524,5.43706056664714,4.0628725574672,2.37410620611531,0.486138362994014,2.56126814833523,Left1,Type2,N/A,Cal_EL1000Avg_2024,20180709,,,,,,,,,,,,
B4,P5,0.441,25.5064511740969,4.51226253961236,4.66627777350693,2.52471953089166,2.58270399400225,0.450257032146579,2.87275202300675,Left1,Type2,N/A,Cal_EL1000Avg_2529,20180709,,,,,,,,,,,,
B4,P5,0.546,24.0253379225032,3.53603934744594,3.8167744525762,4.11032049741986,2.519674031983,0.628779181808658,2.54139856245028,Left4,Type2,N/A,Cal_EL1000Avg_2529,20180709,,,,,,,,,,,,
B4,P5,0.41,24.7121911652882,3.80292251799679,4.89128007519201,4.1149829305412,2.48844436362193,0.473931136741921,2.78509571623488,Left1,Type2,N/A,Cal_EL1000Avg_2529,20180709,,,,,,,,,,,,
B4,P5,0.499,26.0552083155456,4.94739480993576,5.12276635761034,4.5104644883093,2.90623461668865,0.450434122181567,3.00888276200626,Left1,Type2,N/A,Cal_EL1000Avg_2529,20180709,,,,,,,,,,,,
B4,P5,0.469,26.7086822859097,5.03609850935514,5.70847847971458,4.59180212959903,2.4939518449379,0.393140348546135,3.22893968933205,Left1,Type2,N/A,Cal_EL1000Avg_2529,20180709,,,,,,,,,,,,
B4,P5,0.547,28.7268530223336,5.59142837954915,5.62852299620785,3.84260131660363,2.47838336083782,0.448097063253528,2.69768670065884,Left1,Type2,N/A,Cal_EL1000Avg_2529,20180709,,,,,,,,,,,,
B4,P5,0.463,29.969195509244,6.08759044685187,5.02155257174299,3.89113901497649,2.68754540293204,0.604149598467901,2.85370049563175,Left1,Type2,N/A,Cal_EL1000Avg_3034,20180709,,,,,,,,,,,,
B4,P5,0.465,31.370591820337,6.61272616385403,2.63907493384708,4.77950641913664,2.92131589732725,0.675630013184226,3.30142463700073,Left1,Type2,N/A,Cal_EL1000Avg_3034,20180709,,,,,,,,,,,,
B4,P5,0.464,31.4714626369947,6.54561502547257,2.65321114193504,2.30352839269776,2.67283909718079,0.416688590242684,2.99427531287784,Left1,Type2,N/A,Cal_EL1000Avg_3034,20180709,,,,,,,,,,,,
B4,P5,0.458,31.578799234895,6.8522083418848,3.44357580618784,3.0474359104249,2.71519502761863,0.39236320398274,3.34624907975995,Left1,Type2,N/A,Cal_EL1000Avg_3034,20180709,,,,,,,,,,,,
B4,P5,0.381,34.6607067231645,6.87280648923433,2.71846212883775,3.60401977453054,2.49887441666708,0.532545272661613,3.99847008054614,Left1,Type2,N/A,Cal_EL1000Avg_3034,20180709,,,,,,,,,,,,
B5,P6,1.306,4.07788980019086,2.32404977192264,2.06766866743013,0.78179572381445,0.814460410001815,0.11042210697794,0.71506914758738,Left1,Type1,N/A,Cal_EL1000Avg_49,20180709,,,,,,,,,,,,
B5,P6,1.449,4.93435006702172,2.80157252398334,2.58110330164153,0.983485857635313,1.07575991930077,0.200088213656692,0.981766144502402,Left1,Type1,N/A,Cal_EL1000Avg_49,20180709,,,,,,,,,,,,
B5,P6,1.183,5.94314135521383,3.00941218950159,2.65577806054486,1.3644203414823,1.02353212216897,0.189053591874549,1.04101154438605,Left1,Type1,N/A,Cal_EL1000Avg_49,20180709,,,,,,,,,,,,
B5,P6,1.512,6.96113039926584,3.11033909292337,2.50587343803847,0.96009008733027,1.34487621851776,0.248131603022647,1.32101708837757,Left1,Type1,N/A,Cal_EL1000Avg_49,20180709,,,,,,,,,,,,
B5,P6,1.67,8.16519912458369,3.43958601614394,3.16966038201931,2.16260812405474,2.03550215975297,0.373574389829155,1.88404215325206,Left4,Type2,N/A,Cal_EL1000Avg_49,20180709,,,,,,,,,,,,
B5,P6,1.651,8.46260290378289,3.41957521682313,3.34685102471096,2.37470754009808,1.88196167815351,0.251539351771107,1.7561720390068,Left1,Type2,N/A,Cal_EL1000Avg_49,20180709,,,,,,,,,,,,
B5,P6,1.25,10.1947188275868,3.67230345318184,3.43372397053028,2.31785431062048,2.17904512356619,0.400993379827405,2.05835028397393,Left4,Type2,N/A,Cal_EL1000Avg_1014,20180709,,,,,,,,,,,,
B5,P6,1.208,10.8450816144401,3.81588093660654,4.37030759724835,2.56784556017233,2.37685464068763,0.50567331178494,2.15523964358455,Left4,Type2,N/A,Cal_EL1000Avg_1014,20180709,,,,,,,,,,,,
B5,P6,0.926,11.9463093811818,4.10267458385733,4.45558649627134,3.83931114912005,2.81606099913851,0.576879757988759,2.54771219461284,Left4,Type2,N/A,Cal_EL1000Avg_1014,20180709,,,,,,,,,,,,
B5,P6,0.864,12.9233708288934,4.41532424777081,3.60545715981316,3.93061912986452,3.05401625359381,0.603097196938067,2.76294557268364,Left4,Type2,N/A,Cal_EL1000Avg_1014,20180709,,,,,,,,,,,,
B5,P6,0.836,13.5887267445002,4.62756187144846,3.26986419337906,4.32988552295293,3.17141785239309,0.569228498238399,2.915990040938,Left4,Type2,N/A,Cal_EL1000Avg_1014,20180709,,,,,,,,,,,,
B5,P6,0.647,14.9171034939856,4.79183178433201,5.12816643558731,3.72982218828694,3.23081741864897,0.493470530144681,3.13073312451153,Left4,Type2,N/A,Cal_EL1000Avg_1519,20180709,,,,,,,,,,,,
B5,P6,0.634,16.213189610083,3.66552523589123,3.90351653703133,3.35722433365111,2.62082736401814,0.54466894956931,2.53989655389994,Left4,Type2,N/A,Cal_EL1000Avg_1519,20180709,,,,,,,,,,,,
B5,P6,0.62,16.9562038716293,3.52747895323462,4.44104062229284,2.82825507140365,2.33688354543067,0.442570472541196,2.41544540429635,Left1,Type2,N/A,Cal_EL1000Avg_1519,20180709,,,,,,,,,,,,
B5,P6,0.593,17.2862317347199,3.76141240880887,5.89607119981516,3.43100645579654,2.2666025551041,0.391873328974394,2.25119702846677,Left1,Type2,N/A,Cal_EL1000Avg_1519,20180709,,,,,,,,,,,,
B5,P6,0.573,19.5171839834236,3.61739034873815,4.81694770499025,1.98276205654604,2.21523620192804,0.390160787402461,2.07155711164314,Left1,Type2,N/A,Cal_EL1000Avg_1519,20180709,,,,,,,,,,,,
B5,P6,0.573,19.2738129171729,4.00581976646235,3.97776919473352,2.86071205061315,2.24296263898449,0.397039123874685,2.32214162908011,Left1,Type2,N/A,Cal_EL1000Avg_2024,20180709,,,,,,,,,,,,
B5,P6,0.548,20.6733518477668,4.17438077388565,4.73155258435894,2.81689602913966,2.29822206643022,0.354320313547642,2.34315625275607,Left1,Type2,N/A,Cal_EL1000Avg_2024,20180709,,,,,,,,,,,,
B5,P6,0.572,22.911063435839,3.94548438795293,3.89209866504299,3.51968624024916,2.49826918153357,0.305973244354835,2.72397365466191,Left1,Type2,N/A,Cal_EL1000Avg_2024,20180709,,,,,,,,,,,,
B5,P6,0.587,21.7096486948452,4.09109649133682,4.04059707301681,3.32242445918103,2.14361895668244,0.347429157917966,2.37839145737727,Left1,Type2,N/A,Cal_EL1000Avg_2024,20180709,,,,,,,,,,,,
B5,P6,0.592,22.6627682440351,4.38479698209245,3.14170806597358,2.84731535370425,2.09005450467165,0.499143048373666,2.4304617014588,Left1,Type2,N/A,Cal_EL1000Avg_2024,20180709,,,,,,,,,,,,
B5,P6,0.585,23.678366759137,4.23715652185545,5.3509933860981,4.17245423944499,2.50464690401125,0.491716023654318,2.76110054940819,Left1,Type2,N/A,Cal_EL1000Avg_2024,20180709,,,,,,,,,,,,
B5,P7,1.427,3.99187590194282,2.57536942514445,1.92248558221133,1.43911111207132,0.89101692190713,0.123385319598576,0.798981528631514,Left1,Type1,N/A,Cal_EL1000Avg_49,20180709,,,,,,,,,,,,
B5,P7,1.62,4.59861293229928,3.11427670335761,2.6243098822808,1.64617887286402,1.23467579358606,0.143249687289564,1.10681413802512,Left1,Type1,N/A,Cal_EL1000Avg_49,20180709,,,,,,,,,,,,
B5,P7,1.249,6.20486943079508,3.46581962503466,3.11565201436715,1.48018971832515,1.19826265254751,0.157090273857784,1.15042477174897,Left1,Type2,N/A,Cal_EL1000Avg_49,20180709,,,,,,,,,,,,
B5,P7,1.798,6.8824567682949,3.54237164693227,3.0776624069432,1.04356175837879,1.36560203317655,0.273095272411176,1.24600264784285,Left1,Type2,N/A,Cal_EL1000Avg_49,20180709,,,,,,,,,,,,
B5,P7,1.69,8.12427729142942,4.10381765621479,3.44353091752682,1.10846004594441,2.00123875249513,0.36536935964773,1.85726495680085,Left4,Type2,N/A,Cal_EL1000Avg_49,20180709,,,,,,,,,,,,
B5,P7,1.612,9.45995002455769,4.16819302937546,4.17257732499116,1.77651222650535,2.22500410191338,0.377252033856842,2.13532207101241,Left4,Type2,N/A,Cal_EL1000Avg_49,20180709,,,,,,,,,,,,
B5,P7,1.514,10.2166094469639,4.19274656359056,4.51306369817397,3.4986092929368,2.33789627214503,0.399753651499567,2.23226659259526,Left4,Type2,N/A,Cal_EL1000Avg_1014,20180709,,,,,,,,,,,,
B5,P7,1.266,11.0165585978016,4.63012881987046,3.28722647432294,3.18602220381331,3.04273669019486,0.58329172690474,2.87485556023311,Left4,Type2,N/A,Cal_EL1000Avg_1014,20180709,,,,,,,,,,,,
B5,P7,0.96,12.1418280090003,5.24127768517526,3.76228340864114,3.2634360626069,3.34423193491176,0.563089832390078,3.07175277969496,Left4,Type2,N/A,Cal_EL1000Avg_1014,20180709,,,,,,,,,,,,
B5,P7,0.952,12.4754654540867,5.06716665680722,4.90602377256623,3.30785200245225,3.33793686220728,0.630146619150328,3.06692873920922,Left4,Type2,N/A,Cal_EL1000Avg_1014,20180709,,,,,,,,,,,,
B5,P7,0.904,14.1453173921206,5.67678856904637,5.36155397666601,3.70949737723651,3.39046990380228,0.753133622717342,3.1157490909618,Left4,Type2,N/A,Cal_EL1000Avg_1014,20180709,,,,,,,,,,,,
B5,P7,0.899,14.1663334183838,5.5012237349201,5.79473177995675,3.62057551334049,3.43469613325,0.639459694054135,3.18733092919173,Left4,Type2,N/A,Cal_EL1000Avg_1519,20180709,,,,,,,,,,,,
B5,P7,0.824,15.6862042624973,5.54253864088687,5.99099188408775,4.16030682009602,3.51254244595037,0.744186761249535,3.24117038291418,Left4,Type2,N/A,Cal_EL1000Avg_1519,20180709,,,,,,,,,,,,
B5,P7,0.646,16.3634407293635,4.9924591620263,6.17632772858455,4.37897747218236,3.66153661838205,0.644641641946091,3.51857752240964,Left4,Type2,N/A,Cal_EL1000Avg_1519,20180709,,,,,,,,,,,,
B5,P7,0.934,17.5500169122018,4.92258660845338,4.01871251683495,4.56146479130632,3.18063634528866,0.545758730970389,3.11591877768119,Left4,Type2,N/A,Cal_EL1000Avg_1519,20180709,,,,,,,,,,,,
B5,P7,0.591,18.5681703076746,4.87316018838209,3.10658970994605,3.40132258216921,3.16272992768409,0.467949353250199,3.23994207938497,Left1,Type2,N/A,Cal_EL1000Avg_1519,20180709,,,,,,,,,,,,
B5,P7,0.837,19.7370486102759,5.08060268340076,5.9506418449903,4.33845743712205,3.297410653902,0.542506470818983,3.3461226354717,Left4,Type2,N/A,Cal_EL1000Avg_2024,20180709,,,,,,,,,,,,
B5,P7,0.587,20.7081915249484,4.77237293287694,5.11594534198447,4.43079358891936,3.3123910098909,0.661338293524785,3.34006069347404,Left4,Type2,N/A,Cal_EL1000Avg_2024,20180709,,,,,,,,,,,,
B5,P7,0.593,22.4612647988047,4.81855849180839,5.89378289295806,4.85535294962832,3.53956633101751,0.649314453733104,3.67961891400747,Left4,Type2,N/A,Cal_EL1000Avg_2024,20180709,,,,,,,,,,,,
B5,P7,0.584,21.708298470607,5.00254983514822,5.46356825856959,4.62310999656096,3.47325292098444,0.859914827834511,3.50900918628833,Left4,Type2,N/A,Cal_EL1000Avg_2024,20180709,,,,,,,,,,,,
B5,P7,0.581,22.7140817832649,4.9447762719484,5.61804336455056,4.77825934717066,3.36071756116116,0.693248411330505,3.45366074067476,Left4,Type2,N/A,Cal_EL1000Avg_2024,20180709,,,,,,,,,,,,
B5,P7,0.536,23.6244086591095,5.3232441822308,3.77428423212318,4.51290442032233,3.18445363802928,0.84067713376287,3.37412028807625,Left4,Type2,N/A,Cal_EL1000Avg_2024,20180709,,,,,,,,,,,,
B6,P8,1.911,4.07820458017627,3.04152121322508,2.39217378862855,1.28181331585169,1.06327757973841,0.143993457553281,0.933013409488734,Left1,Type1,N/A,Cal_EL1000Avg_49,20180709,,,,,,,,,,,,
B6,P8,1.546,5.06570146149882,3.80721796539898,3.09929854194688,2.03351490856389,1.23780889587903,0.22740603677391,1.15385373161348,Left1,Type2,N/A,Cal_EL1000Avg_49,20180709,,,,,,,,,,,,
B6,P8,1.572,5.2450618378532,3.72162749289157,3.17281062441597,1.00457458840971,1.24425186831124,0.213440643053836,1.14888538264451,Left1,Type2,N/A,Cal_EL1000Avg_49,20180709,,,,,,,,,,,,
B6,P8,1.809,7.19438390713176,4.67270475781902,3.59725487446264,0.719067596443595,1.65499790766018,0.207599146247538,1.56415124877446,Left1,Type2,N/A,Cal_EL1000Avg_49,20180709,,,,,,,,,,,,
B6,P8,1.803,7.3650623351488,4.73731013610209,3.69715316106843,1.059094633778,1.80850107032879,0.270247946293109,1.67403513930851,Left1,Type2,N/A,Cal_EL1000Avg_49,20180709,,,,,,,,,,,,
B6,P8,1.696,8.78696738774761,5.27356440703582,3.74755858887239,2.53358879647863,2.54303758895219,0.567833257041586,2.32833543563547,Left4,Type2,N/A,Cal_EL1000Avg_49,20180709,,,,,,,,,,,,
B6,P8,1.588,10.0076325802687,5.51808317024247,4.16994856737088,2.32564705544801,2.93347863959742,0.521402601326014,2.64832780004545,Left4,Type2,N/A,Cal_EL1000Avg_1014,20180709,,,,,,,,,,,,
B6,P8,1.291,10.7082813133874,5.40391587145228,5.76434916489936,2.61765983216217,2.85246211688922,0.740904407878563,2.6339508435754,Left4,Type2,N/A,Cal_EL1000Avg_1014,20180709,,,,,,,,,,,,
B6,P8,1.243,11.3892702225556,5.71352321060194,3.86185124297978,2.81799552654692,3.28419418150288,0.725305660090371,2.95668864678445,Left4,Type2,N/A,Cal_EL1000Avg_1014,20180709,,,,,,,,,,,,
B6,P8,0.938,12.8961638820226,5.80578298123747,6.13178345900415,3.58640969458716,3.95474844483582,0.848312220122979,3.62573611883545,Left4,Type2,N/A,Cal_EL1000Avg_1014,20180709,,,,,,,,,,,,
B6,P8,0.931,13.2914559096183,6.01113845542618,5.22425238430375,4.7223347364769,3.59136728611412,0.851199346874944,3.15386417858109,Left4,Type2,N/A,Cal_EL1000Avg_1014,20180709,,,,,,,,,,,,
B6,P9,1.984,4.0656776885076,3.32996819449123,2.63052889719859,1.0370740644632,0.992153672522861,0.138593481716837,0.898240123005673,Left1,Type1,N/A,Cal_EL1000Avg_49,20180709,,,,,,,,,,,,
B6,P9,2.246,4.20539005985207,3.3676421543349,2.68014980356607,1.26711709206417,1.09045548866139,0.15326110385298,0.945382278205316,Left1,Type1,N/A,Cal_EL1000Avg_49,20180709,,,,,,,,,,,,
B6,P9,1.621,5.31472851038439,4.49200917451291,3.62150988232162,1.919521457433,1.14178697445324,0.226929210986584,1.10693955768608,Left1,Type2,N/A,Cal_EL1000Avg_49,20180709,,,,,,,,,,,,
B6,P9,1.843,6.41304309888763,4.75923782695562,3.6536190961468,1.99849575702704,1.30771364495043,0.237717998129591,1.35979304134819,Left1,Type2,N/A,Cal_EL1000Avg_49,20180709,,,,,,,,,,,,
B6,P9,1.741,8.34161891359441,5.82873137466475,5.04236341575349,2.7174217502625,2.55836851996412,0.402123889462623,2.35107674578285,Left4,Type2,N/A,Cal_EL1000Avg_49,20180709,,,,,,,,,,,,
B6,P9,1.666,9.22532965875728,6.07170635259107,5.28506681263778,2.83047099089009,2.51890690087715,0.480357501619361,2.42992855769143,Left4,Type2,N/A,Cal_EL1000Avg_49,20180709,,,,,,,,,,,,
B6,P9,1.627,9.67165070069349,6.11401777326566,6.19547631972047,1.92230368900931,2.62350786893511,0.487260680548939,2.50449007075691,Left4,Type2,N/A,Cal_EL1000Avg_1014,20180709,,,,,,,,,,,,
B6,P9,1.26,11.7236108101249,6.16251159259515,3.59216227395654,4.13993376406906,3.08689566779379,0.564535743048582,2.84697916396392,Left4,Type2,N/A,Cal_EL1000Avg_1014,20180709,,,,,,,,,,,,
B6,P9,1.211,12.0833292264301,6.26308734803852,5.91294993885314,3.12493939317452,3.53865546819633,0.585146702686741,3.30048190006355,Left4,Type2,N/A,Cal_EL1000Avg_1014,20180709,,,,,,,,,,,,
B6,P9,1.189,12.3746165690663,6.02866629557951,5.49127719932167,3.24183471929948,3.03570449977723,0.587950120605053,2.9214011620652,Left4,Type2,N/A,Cal_EL1000Avg_1014,20180709,,,,,,,,,,,,
B6,P9,0.919,13.8096011785851,7.0852489638365,5.7756753124721,3.05530143118748,3.87141344673983,0.773340476688832,3.54083008220877,Left4,Type2,N/A,Cal_EL1000Avg_1014,20180709,,,,,,,,,,,,
B6,P9,2.33,19.0935914783733,6.5825354579072,4.1470970098581,4.25972877359263,3.92915712597444,0.475994554451367,3.50699987044471,Left1,Type2,N/A,CalPH_20180716_1000Avg_1924,20180716,,,,,,,,,,,,
B6,P9,2.525,23.776726394627,5.91614083142006,6.09944000501302,4.06088402782454,3.01540067993013,0.404747364201756,2.7499565408472,Left1,Type2,N/A,CalPH_20180716_1000Avg_1924,20180716,,,,,,,,,,,,
B6,P8,2.605,18.4893416218904,5.4594868749973,4.61223955168519,3.82690603211354,2.97119806849027,0.511590970937883,2.79347692814126,Left4,Type2,N/A,CalPH_20180716_1000Avg_1924,20180716,,,,,,,,,,,,
B6,P8,2.045,23.3597265229751,6.57573207725069,6.22012280111034,4.37669019086732,3.09039710775994,0.591797828628223,2.98569703412877,Left4,Type2,N/A,CalPH_20180716_1000Avg_1924,20180716,,,,,,,,,,,,